"No","Name","Kor","Eng","Math","Sum","Mean"
1,"A",90,70,60,220,73.3333333333333
2,"B",60,40,70,170,56.6666666666667
3,"C",90,50,80,220,73.3333333333333
